hwd;pronSampa;ipa
grandad;g r\ { n d { d;gɹændæd
scratches;s k r\ { tS @ z;skɹæ?əz
roars;r\ O: r\ z;ɹOːɹz
penman;p E n m @ n;pɛnmən
demoted;d i m @U 4 i d;dimoʊɾid
hoechst's(2);h @U S t s;hoʊʃts
ponies;p @U n i: z;poʊniːz
dallara;d { l A r\ @;dælɑɹə
nostrand;n A s t r\ @ n d;nɑstɹənd
bottari;b @U t A r\ i:;boʊtɑɹiː
foment;f @U m E n t;foʊmɛnt
bartlett's;b A r\ t l @ t s;bɑɹtləts
orne;O: r\ n;Oːɹn
procuring;p r\ @U k j U r\ i N;pɹoʊkjʊɹiŋ
masculine;m { s k j @ l @ n;mæskjələn
pawlak;p O: l @ k;pOːlək
cankers;k { N k 3:r z;kæŋkɜ:rz
belle;b E l;bɛl
liege;l i: dZ;liː?
outside;aU t s aI d;?ts?d
counterespionage;k aU n t 3:r E s p i: @ n A dZ;k?ntɜ:rɛspiːənɑ?
gaston;g { s t @ n;gæstən
kiedrowski;k i: d r\ O: f s k i:;kiːdɹOːfskiː
mccurley;m @ k 3:r l i:;məkɜ:rliː
whip;w I p;wɪp
ragtime;r\ { g t aI m;ɹægt?m
beatrice's(2);b i: t r\ i s i z;biːtɹisiz
snodderly;s n A 4 3:r l i:;snɑɾɜ:rliː
channels;tS { n @ l z;?ænəlz
reinvigorating;r\ i: i n v I g 3:r eI 4 i N;ɹiːinvɪgɜ:r?ɾiŋ
shortening;S O: r\ t @ n i N;ʃOːɹtəniŋ
hoaglund;h @U g l @ n d;hoʊglənd
monger;m V N g 3:r;mʌŋgɜ:r
backbone;b { k b @U n;bækboʊn
meteors;m i: 4 i: 3:r z;miːɾiːɜ:rz
bourdeau;b U r\ d @U;bʊɹdoʊ
lotions;l @U S @ n z;loʊʃənz
maccabean;m { k @ b i: @ n;mækəbiːən
ecologically;i k @ l A dZ i k l i:;ikəlɑ?ikliː
matewan(2);m eI t w A n;m?twɑn
elsberry;E l z b E r\ i:;ɛlzbɛɹiː
oriordan;@U r\ I r\ d @ n;oʊɹɪɹdən
prevent;p r\ i v E n t;pɹivɛnt
dreman;d r\ i: m @ n;dɹiːmən
starch;s t A r\ tS;stɑɹ?
knuth;n u T;nuθ
pavey;p eI v i:;p?viː
placard;p l { k 3:r d;plækɜ:rd
stockinger;s t A k i N 3:r;stɑkiŋɜ:r
shipps;S I p s;ʃɪps
hladik(2);h @ l { 4 i k;həlæɾik
cultist;k V l t @ s t;kʌltəst
primavera;p r\ i: m A v E r\ @;pɹiːmɑvɛɹə
stecklein;s t E k l aI n;stɛkl?n
mundinger;m V n d i N 3:r;mʌndiŋɜ:r
fennessy;f E n i s i:;fɛnisiː
bildt;b I l t;bɪlt
gowans;g aU @ n z;g?ənz
genesis;dZ E n @ s @ s;?ɛnəsəs
treu;t r\ u;tɹu
glowered;g l aU 3:r d;gl?ɜ:rd
flamenco;f l @ m E N k @U;fləmɛŋkoʊ
dubey;d V b i:;dʌbiː
cordover;k O: r\ d @U v 3:r;kOːɹdoʊvɜ:r
praiseworthy;p r\ eI z w 3:r D i:;pɹ?zwɜ:rðiː
brezhnev's(2);b r\ E z n E f s;bɹɛznɛfs
miska;m I s k @;mɪskə
casualty;k { Z @ w @ l t i:;kæʒəwəltiː
lily;l I l i:;lɪliː
fab;f { b;fæb
sayed;s A j E d;sɑjɛd
begging;b E g i N;bɛgiŋ
sleigh;s l eI;sl?
dividend;d I v i d E n d;dɪvidɛnd
keeran;k I r\ @ n;kɪɹən
percipient;p 3:r s I p i: @ n t;pɜ:rsɪpiːənt
lowered;l @U 3:r d;loʊɜ:rd
julson;dZ V l s @ n;?ʌlsən
wanna;w A n @;wɑnə
changes;tS eI n dZ @ z;??n?əz
cupples;k V p @ l z;kʌpəlz
bostick;b @U s t i k;boʊstik
avail;@ v eI l;əv?l
faranda;f 3:r { n d @;fɜ:rændə
bikini;b i k i: n i:;bikiːniː
hoodwinked;h U d w I N k t;hʊdwɪŋkt
why'd(2);h w aI d;hw?d
torino;t O: r\ i: n @U;tOːɹiːnoʊ
kearley;k 3:r l i:;kɜ:rliː
stemm;s t E m;stɛm
linoleum;l @ n @U l i: @ m;lənoʊliːəm
ramsay(2);r\ { m s eI;ɹæms?
accidental(2);{ k s @ d E n @ l;æksədɛnəl
danza;d { n z @;dænzə
heinig;h aI n i g;h?nig
amalie;{ m @ l i:;æməliː
vankirk;v { N k 3:r k;væŋkɜ:rk
bohon;b @U h @ n;boʊhən
bugher;b j u g 3:r;bjugɜ:r
strawser;s t r\ O: z 3:r;stɹOːzɜ:r
strength;s t r\ E N k T;stɹɛŋkθ
dean's;d i: n z;diːnz
swordplay;s O: r\ d p l eI;sOːɹdpl?
kollmorgen;k @U l m O: r\ g @ n;koʊlmOːɹgən
herscu;h 3:r s k u;hɜ:rsku
buenos(2);b w eI n @ s;bw?nəs
swathed;s w A D d;swɑðd
messiaen's;m E s i: eI n z;mɛsiː?nz
athletes;{ T l i: t s;æθliːts
tregurtha;t r\ E g 3:r T @;tɹɛgɜ:rθə
auderburn;O: 4 3:r b 3:r n;Oːɾɜ:rbɜ:rn
arrick;{ r\ i k;æɹik
hurlock;h 3:r l @ k;hɜ:rlək
gratz;g r\ { t s;gɹæts
omohundro;@U m @U h u n d r\ @U;oʊmoʊhundɹoʊ
judith;dZ u 4 @ T;?uɾəθ
model;m A 4 @ l;mɑɾəl
dashing;d { S i N;dæʃiŋ
shier;S aI 3:r;ʃ?ɜ:r
kubrick;k j u b r\ I k;kjubɹɪk
misrepresented(2);m I s r\ E p r\ i z E n i d;mɪsɹɛpɹizɛnid
menna;m E n @;mɛnə
gift;g I f t;gɪft
snail's;s n eI l z;sn?lz
francis'(2);f r\ { n s i s;fɹænsis
eisenhut;aI z @ n h @ t;?zənhət
malveaux;m { l v @U;mælvoʊ
straightens;s t r\ eI t @ n z;stɹ?tənz
bawl;b O: l;bOːl
quakenbush;k w @ k E n b U S;kwəkɛnbʊʃ
cabins;k { b @ n z;kæbənz
nerine;n E r\ i: n;nɛɹiːn
grilling;g r\ I l i N;gɹɪliŋ
clarion;k l E r\ i: @ n;klɛɹiːən
rollins;r\ A l i n z;ɹɑlinz
era's;E r\ @ z;ɛɹəz
ana(2);{ n @;ænə
suckered;s V k 3:r d;sʌkɜ:rd
mandible(2);m { n d i b @ l;mændibəl
tittsworth;t I t s w 3:r T;tɪtswɜ:rθ
gaska;g A s k @;gɑskə
mewes;m j u z;mjuz
junette;dZ u n E t;?unɛt
potlatch;p A t l { tS;pɑtlæ?
heathcote;h E T k @ t;hɛθkət
arcadians;A r\ k eI 4 i: @ n z;ɑɹk?ɾiːənz
rantala;r\ A n t A l @;ɹɑntɑlə
consoles;k @ n s @U l z;kənsoʊlz
crip;k r\ I p;kɹɪp
gentles(2);dZ E n @ l z;?ɛnəlz
oxfam's;A k s f { m z;ɑksfæmz
machacek;m { k @ s i k;mækəsik
sweepstake;s w i: p s t eI k;swiːpst?k
constitutionists(3);k A n s t @ t u S @ n i s;kɑnstətuʃənis
cressman;k r\ E s m @ n;kɹɛsmən
razing;r\ eI z i N;ɹ?ziŋ
frericks;f r\ E r\ i k s;fɹɛɹiks
constitute;k A n s t @ t u t;kɑnstətut
impelled;i m p E l d;impɛld
slipper;s l I p 3:r;slɪpɜ:r
averette;{ v 3:r E t;ævɜ:rɛt
abuses(2);@ b j u z i z;əbjuziz
whizzer(2);w I z 3:r;wɪzɜ:r
elnozahy;E l n @U z A h i:;ɛlnoʊzɑhiː
carrier's(2);k E r\ i: 3:r z;kɛɹiːɜ:rz
pickert;p I k 3:r t;pɪkɜ:rt
fingernail;f I N g 3:r n eI l;fɪŋgɜ:rn?l
sandwich(2);s { n w i tS;sænwi?
kroes;k r\ @U z;kɹoʊz
klarman;k l A r\ m @ n;klɑɹmən
legg;l E g;lɛg
bucking;b V k i N;bʌkiŋ
eocene;i: @ s i: n;iːəsiːn
decaro;d i k A r\ @U;dikɑɹoʊ
bolstered;b @U l s t 3:r d;boʊlstɜ:rd
khe;k i:;kiː
duboise;d u b OI s;dub?s
pipettes;p aI p E t s;p?pɛts
roethler(2);r\ @U T l 3:r;ɹoʊθlɜ:r
breastplate;b r\ E s t p l eI t;bɹɛstpl?t
schermer;S 3:r m 3:r;ʃɜ:rmɜ:r
firefight;f aI r\ f aI t;f?ɹf?t
falloff;f O: l O: f;fOːlOːf
autonomy(2);@ t A n @ m i:;ətɑnəmiː
ridinger;r\ aI 4 i N 3:r;ɹ?ɾiŋɜ:r
naturalized(2);n { tS r\ @ l aI z d;næ?ɹəl?zd
refineries;r\ i f aI n 3:r i: z;ɹif?nɜ:riːz
insofar;I n s @ f A r\;ɪnsəfɑɹ
rench;r\ E n tS;ɹɛn?
nashville's;n { S v I l z;næʃvɪlz
wistfully;w I s t f @ l i:;wɪstfəliː
snatchers;s n { tS 3:r z;snæ?ɜ:rz
serendipity;s E r\ @ n d I p i 4 i:;sɛɹəndɪpiɾiː
taisei;t eI s eI;t?s?
noren;n O: r\ @ n;nOːɹən
freeney;f r\ i: n i:;fɹiːniː
mistress;m I s t r\ @ s;mɪstɹəs
exoneration;i g z A n 3:r eI S @ n;igzɑnɜ:r?ʃən
hart;h A r\ t;hɑɹt
dorset;d O: r\ s i t;dOːɹsit
nutrient;n u t r\ i: @ n t;nutɹiːənt
beveridge;b E v 3:r i dZ;bɛvɜ:ri?
latonia;l A t @U n i: @;lɑtoʊniːə
corinna;k O: r\ I n @;kOːɹɪnə
taciturn;t { s i t 3:r n;tæsitɜ:rn
plea;p l i:;pliː
roggenkamp;r\ A g i n k { m p;ɹɑginkæmp
roseline;r\ @U z l aI n;ɹoʊzl?n
strahan;s t r\ { h @ n;stɹæhən
guitarist's;g I t A r\ @ s t s;gɪtɑɹəsts
fujitsu;f u dZ I t s u;fu?ɪtsu
weisse;w aI s;w?s
demilitarize;d i m I l @ 4 3:r aI z;dimɪləɾɜ:r?z
amsterdam's;{ m s t 3:r d { m z;æmstɜ:rdæmz
suhre;s U r\;sʊɹ
muddleheaded;m V 4 @ l h E 4 @ d;mʌɾəlhɛɾəd
geimer;g aI m 3:r;g?mɜ:r
bigger;b I g 3:r;bɪgɜ:r
kok;k A k;kɑk
pursuant;p 3:r s u @ n t;pɜ:rsuənt
partington;p A r\ 4 i N t @ n;pɑɹɾiŋtən
weather's;w E D 3:r z;wɛðɜ:rz
haueter;h aU 4 3:r;h?ɾɜ:r
postlethwait;p @U s t @ l T w eI t;poʊstəlθw?t
rautio;r\ aU 4 i: @U;ɹ?ɾiːoʊ
vantran;v { n t r\ { n;væntɹæn
bitner;b I t n 3:r;bɪtnɜ:r
lark;l A r\ k;lɑɹk
envelop;i n v E l @ p;invɛləp
eastes;i: s t s;iːsts
katen;k eI t @ n;k?tən
statement;s t eI t m @ n t;st?tmənt
wantages;w A n t i dZ i z;wɑnti?iz
kittel;k I 4 @ l;kɪɾəl
bijur;b i Z U r\;biʒʊɹ
st_germaine;s eI n t dZ 3:r m eI n;s?nt?ɜ:rm?n
financed;f i n { n s t;finænst
hammering;h { m 3:r i N;hæmɜ:riŋ
ruhnke;r\ V N k;ɹʌŋk
culbreth;k V l b r\ i T;kʌlbɹiθ
luminoso;l u m i n @U s @U;luminoʊsoʊ
scheuerman;S OI 3:r m @ n;ʃ?ɜ:rmən
variation;v E r\ i: eI S @ n;vɛɹiː?ʃən
natalie;n { 4 @ l i:;næɾəliː
pittsley;p I t s l i:;pɪtsliː
elsdon;E l s d @ n;ɛlsdən
monsoons;m A n s u n z;mɑnsunz
wice;w aI s;w?s
eaton's;i: t @ n z;iːtənz
cashier;k { S I r\;kæʃɪɹ
liebl;l i: b @ l;liːbəl
bodell;b @ d E l;bədɛl
estimator;E s t I m @ 4 3:r;ɛstɪməɾɜ:r
festivals;f E s t @ v @ l z;fɛstəvəlz
nag;n { g;næg
casey;k eI s i:;k?siː
trails;t r\ eI l z;tɹ?lz
lusher;l V S 3:r;lʌʃɜ:r
unaddressed;V n @ d r\ E s t;ʌnədɹɛst
shy;S aI;ʃ?
insurgents;i n s 3:r dZ @ n t s;insɜ:r?ənts
expansionist(2);i k s p { n tS @ n i s t;ikspæn?ənist
heichel;h aI k @ l;h?kəl
famed;f eI m d;f?md
walked;w O: k t;wOːkt
joelle;dZ @U E l;?oʊɛl
sheila's;S i: l @ z;ʃiːləz
reigning;r\ eI n i N;ɹ?niŋ
calfee;k { l f i:;kælfiː
burling;b 3:r l i N;bɜ:rliŋ
pinching;p I n tS i N;pɪn?iŋ
rawe;r\ O:;ɹOː
rebut;r\ i b V t;ɹibʌt
sandbaggers;s { n d b { g 3:r z;sændbægɜ:rz
blunted(2);b l V n t i d;blʌntid
macko;m { k @U;mækoʊ
retain(2);r\ i: t eI n;ɹiːt?n
peppered;p E p 3:r d;pɛpɜ:rd
bensinger;b E n s i n dZ 3:r;bɛnsin?ɜ:r
dose;d @U s;doʊs
dilithium;d aI l I T i: @ m;d?lɪθiːəm
assemblies;@ s E m b l i: z;əsɛmbliːz
zapien;z { p i: n;zæpiːn
frayn;f r\ eI n;fɹ?n
callable;k O: l @ b @ l;kOːləbəl
gently;dZ E n t l i:;?ɛntliː
sonnenberg;s A n @ n b 3:r g;sɑnənbɜ:rg
hundt;h V n t;hʌnt
clocker;k l A k 3:r;klɑkɜ:r
betz;b E t s;bɛts
goof;g u f;guf
thoennes;T @U n z;θoʊnz
towery;t @U 3:r i:;toʊɜ:riː
zagar;z A g A r\;zɑgɑɹ
helicons;h E l i k A n z;hɛlikɑnz
zealanders;z i: l @ n d 3:r z;ziːləndɜ:rz
embarking;E m b A r\ k i N;ɛmbɑɹkiŋ
baham;b A @ m;bɑəm
narcotic;n A r\ k A 4 i k;nɑɹkɑɾik
benbrook;b E n b r\ U k;bɛnbɹʊk
eraser;i r\ eI s 3:r;iɹ?sɜ:r
physics;f I z i k s;fɪziks
realizes;r\ i: @ l aI z i z;ɹiːəl?ziz
navas;n A v @ s;nɑvəs
mummert;m V m 3:r t;mʌmɜ:rt
deel;d i: l;diːl
dulciana;d u l tS { n @;dul?ænə
mcguffey;m @ g V f i:;məgʌfiː
activities;{ k t I v @ 4 i: z;æktɪvəɾiːz
counterattack(2);k aU n 3:r @ t { k;k?nɜ:rətæk
concomitant;k A n k A m @ t @ n t;kɑnkɑmətənt
orioles;O: r\ i: @U l z;Oːɹiːoʊlz
dreger;d r\ E g 3:r;dɹɛgɜ:r
chintz;tS I n t s;?ɪnts
turbocharge;t 3:r b @U tS A r\ dZ;tɜ:rboʊ?ɑɹ?
hilemon;h aI l m @ n;h?lmən
lipper;l I p 3:r;lɪpɜ:r
plaza(2);p l { z @;plæzə
helbling(2);h E l b l i N;hɛlbliŋ
panoply;p { n A p l i:;pænɑpliː
daleth;d A l E T;dɑlɛθ
skippy;s k I p i:;skɪpiː
boscia;b @U s tS @;boʊs?ə
snackwell's;s n { k w E l z;snækwɛlz
hypersonic;h aI p 3:r s A n i k;h?pɜ:rsɑnik
studeman;s t u d m @ n;studmən
roiled;r\ OI l d;ɹ?ld
meyer's;m aI 3:r z;m?ɜ:rz
marlowe;m A r\ l @U;mɑɹloʊ
cycle;s aI k @ l;s?kəl
mcrae;m @ k r\ eI;məkɹ?
saturns;s { 4 3:r n z;sæɾɜ:rnz
vive(2);v aI v;v?v
bowie;b @U i:;boʊiː
investment;i n v E s t m @ n t;invɛstmənt
contiguous;k @ n t I g j u @ s;kəntɪgjuəs
camelot;k { m @ l A t;kæməlɑt
fatima(2);f { 4 i m @;fæɾimə
wolfman;w U l f m @ n;wʊlfmən
schamel;S { m @ l;ʃæməl
deno;d i: n @U;diːnoʊ
hungry;h V N g r\ i:;hʌŋgɹiː
deitch;d aI tS;d??
submitting;s @ b m I 4 i N;səbmɪɾiŋ
tulips;t u l @ p s;tuləps
swatching;s w A tS i N;swɑ?iŋ
dearden;d I r\ d @ n;dɪɹdən
sorcerer;s O: r\ s 3:r 3:r;sOːɹsɜ:rɜ:r
synthesizer;s I n T @ s aI z 3:r;sɪnθəs?zɜ:r
eider;aI d 3:r;?dɜ:r
overdependence;@U v 3:r 4 i p E n d @ n s;oʊvɜ:rɾipɛndəns
invaders;i n v eI 4 3:r z;inv?ɾɜ:rz
surmount;s 3:r m aU n t;sɜ:rm?nt
fenwood;f E n w U d;fɛnwʊd
alatorre;A l A t O: r\ i:;ɑlɑtOːɹiː
hellenbrand;h E l @ n b r\ { n d;hɛlənbɹænd
duncombe;d V N k @ m;dʌŋkəm
mammogram;m { m @U g r\ { m;mæmoʊgɹæm
leeder;l i: 4 3:r;liːɾɜ:r
willenbring;w I l @ n b r\ I N;wɪlənbɹɪŋ
heiman;h aI m @ n;h?mən
yoking;j @U k i N;joʊkiŋ
licked;l I k t;lɪkt
turchin;t 3:r tS i n;tɜ:r?in
employ;E m p l OI;ɛmpl?
wilhelmina;w I l h E l m i: n @;wɪlhɛlmiːnə
doubtfire;d aU t f aI 3:r;d?tf?ɜ:r
fornal;f O: r\ n @ l;fOːɹnəl
jaunty;dZ O: n t i:;?Oːntiː
parlow;p A r\ l @U;pɑɹloʊ
chaldees;tS A l d i: z;?ɑldiːz
pickler(2);p I k l 3:r;pɪklɜ:r
mcnew;m @ k n u;məknu
bechtol;b E k t @ l;bɛktəl
mishandle;m i s h { n d @ l;mishændəl
pored;p O: r\ d;pOːɹd
bolshevism;b @U l S @ v I z @ m;boʊlʃəvɪzəm
americus;@ m E r\ i k @ s;əmɛɹikəs
project's;p r\ A dZ E k t s;pɹɑ?ɛkts
uncomfortableness;@ n k V m f 3:r 4 @ b @ l n @ s;ənkʌmfɜ:rɾəbəlnəs
uncomplete;V n k @ m p l i: t;ʌnkəmpliːt
counteracting;k aU n t 3:r { k t i N;k?ntɜ:ræktiŋ
rebuffing;r\ i: b V f i N;ɹiːbʌfiŋ
w;j;j
doldrums;d @U l d r\ @ m z;doʊldɹəmz
romance;r\ @U m { n s;ɹoʊmæns
sibyl;s I b @ l;sɪbəl
uhlman;u l m @ n;ulmən
schluter;S l u 4 3:r;ʃluɾɜ:r
whiplashes(2);h w I p l { S @ z;hwɪplæʃəz
hockey's;h A k i: z;hɑkiːz
flax;f l { k s;flæks
centerre;s E n t 3:r;sɛntɜ:r
spirits(2);s p I r\ i t s;spɪɹits
bored;b O: r\ d;bOːɹd
wickes's;w I k s i z;wɪksiz
villette;v i l E t;vilɛt
crean;k r\ i: n;kɹiːn
conquests;k A n k w E s t s;kɑnkwɛsts
mamet;m { m @ t;mæmət
unwrapping;@ n r\ { p i N;ənɹæpiŋ
hybrid;h aI b r\ @ d;h?bɹəd
salinas;s @ l i: n @ s;səliːnəs
mccollum;m @ k O: l @ m;məkOːləm
zea;z i:;ziː
interesting(2);I n t r\ i s t i N;ɪntɹistiŋ
loaiza;l @U A i: z @;loʊɑiːzə
conferees;k A n f 3:r i: z;kɑnfɜ:riːz
infant's;I n f @ n t s;ɪnfənts
spirituality;s p I r\ i tS @ w { l @ 4 i:;spɪɹi?əwæləɾiː
wasmuth;w O: z m u T;wOːzmuθ
teutsch;t OI tS;t??
apostles;@ p A s @ l z;əpɑsəlz
glandon;g l { n d @ n;glændən
brutsche;b r\ V tS i:;bɹʌ?iː
pennzoil's;p E n z OI l z;pɛnz?lz
models';m A 4 @ l z;mɑɾəlz
moviegoing;m u v i: g @U i N;muviːgoʊiŋ
sharansky;S 3:r { n s k i:;ʃɜ:rænskiː
hike;h aI k;h?k
those;D @U z;ðoʊz
nicaragua's;n I k 3:r A g w @ z;nɪkɜ:rɑgwəz
lanzillo;l { n z I l @U;lænzɪloʊ
yao;j aU;j?
minervini;m i: n 3:r v i: n i:;miːnɜ:rviːniː
disproportion;d I s p r\ @ p O: r\ S @ n;dɪspɹəpOːɹʃən
sanctify;s { N k t @ f aI;sæŋktəf?
grohs;g r\ @U s;gɹoʊs
lunden;l V n d @ n;lʌndən
rotberg;r\ A t b 3:r g;ɹɑtbɜ:rg
raincoat's;r\ eI n k @U t s;ɹ?nkoʊts
fixes;f I k s i z;fɪksiz
conolly;k A n @U l i:;kɑnoʊliː
spruce;s p r\ u s;spɹus
sethi;s E T i:;sɛθiː
newsreel;n u z r\ i: l;nuzɹiːl
hirulog;h I r\ u l A g;hɪɹulɑg
fortunate;f O: r\ tS @ n @ t;fOːɹ?ənət
woodlands;w U d l { n d z;wʊdlændz
scialabba;s k O: l A b @;skOːlɑbə
pessin;p E s i n;pɛsin
rospatch;r\ O: s p { tS;ɹOːspæ?
rodin(2);r\ @U d { n;ɹoʊdæn
arent;A r\ @ n t;ɑɹənt
dimock;d I m @ k;dɪmək
hemo;h i: m @U;hiːmoʊ
instinet;I n s t i n E t;ɪnstinɛt
rowes;r\ @U z;ɹoʊz
nato;n eI 4 @U;n?ɾoʊ
naqvi(2);n A k v i:;nɑkviː
jopp;dZ A p;?ɑp
turbotax;t 3:r b @U t { k s;tɜ:rboʊtæks
contents;k A n t E n t s;kɑntɛnts
rainforests;r\ aI n f O: r\ @ s t s;ɹ?nfOːɹəsts
eap;i: eI p i:;iː?piː
starplex;s t A r\ p l E k s;stɑɹplɛks
brahma;b r\ A m @;bɹɑmə
khufu;k u f u;kufu
malueg;m { l U g;mælʊg
bowker;b @U k 3:r;boʊkɜ:r
degree;d i g r\ i:;digɹiː
mekeel;m E k i: l;mɛkiːl
laske;l eI s k;l?sk
weyerhaeuser;w E r\ h aU z 3:r;wɛɹh?zɜ:r
hersom;h 3:r s @ m;hɜ:rsəm
deighton;d eI t @ n;d?tən
investigations;i n v E s t @ g eI S @ n z;invɛstəg?ʃənz
facey;f eI s i:;f?siː
omnibook;A m n i b U k;ɑmnibʊk
described;d i s k r\ aI b d;diskɹ?bd
wasielewski;v @ s i: l E f s k i:;vəsiːlɛfskiː
overtaking;@U v 3:r t eI k i N;oʊvɜ:rt?kiŋ
seemingly;s i: m i N l i:;siːmiŋliː
prix;p r\ i:;pɹiː
orangina;O: r\ { n dZ i: n 3:r;Oːɹæn?iːnɜ:r
inherit;i n h E r\ @ t;inhɛɹət
gilchrest;g I l k 3:r i s t;gɪlkɜ:rist
tolhurst;t @U l h 3:r s t;toʊlhɜ:rst
untidily;@ n t aI 4 @ l i:;ənt?ɾəliː
pineiro;p i: n E r\ @U;piːnɛɹoʊ
bunda;b V n d @;bʌndə
reinsurers;r\ i: i n S U r\ 3:r z;ɹiːinʃʊɹɜ:rz
goodhue;g U d h j u;gʊdhju
leases;l i: s i z;liːsiz
runk;r\ V N k;ɹʌŋk
demont;d E m @ n t;dɛmənt
prom;p r\ A m;pɹɑm
relaxing;r\ i l { k s i N;ɹilæksiŋ
radella;r\ @ d E l @;ɹədɛlə
gait;g eI t;g?t
fehl;f E l;fɛl
originating;3:r I dZ @ n eI 4 i N;ɜ:rɪ?ən?ɾiŋ
mclish;m @ k l I S;məklɪʃ
seneff;s E n @ f;sɛnəf
enthralment;E n T r\ O: l m @ n t;ɛnθɹOːlmənt
siniard;s I n i: 3:r d;sɪniːɜ:rd
deliberating;d i l I b 3:r eI 4 i N;dilɪbɜ:r?ɾiŋ
porth;p O: r\ T;pOːɹθ
knudsen's;n u d s @ n z;nudsənz
conscious;k A n S @ s;kɑnʃəs
began;b i g { n;bigæn
mccaghren;m @ k { g r\ @ n;məkægɹən
gratuitously;g r\ @ t u @ 4 @ s l i:;gɹətuəɾəsliː
oster;A s t 3:r;ɑstɜ:r
cramer's;k r\ eI m 3:r z;kɹ?mɜ:rz
hoddur;h A 4 3:r;hɑɾɜ:r
pulpwood;p V l p w U d;pʌlpwʊd
coltec;k @U l t E k;koʊltɛk
cutcher;k V tS 3:r;kʌ?ɜ:r
wash(2);w O: S;wOːʃ
farrow's;f E r\ @U z;fɛɹoʊz
schul;S U l;ʃʊl
ginsburg's;g I n z b 3:r g z;gɪnzbɜ:rgz
eagar;i: g 3:r;iːgɜ:r
valois;v { l w A;vælwɑ
buddin;b V d i n;bʌdin
goodyear's;g U d j i r\ z;gʊdjiɹz
marvels;m A r\ v @ l z;mɑɹvəlz
metaphorical;m E 4 @ f O: r\ i k @ l;mɛɾəfOːɹikəl
quassia;k w A S i: @;kwɑʃiːə
browning's;b r\ aU n i N z;bɹ?niŋz
saline;s @ l i: n;səliːn
teens;t i: n z;tiːnz
abdo;{ b d @U;æbdoʊ
curved;k 3:r v d;kɜ:rvd
riga;r\ i: g @;ɹiːgə
aligns;@ l aI n z;əl?nz
lal;l { l;læl
gaspar;g { s p 3:r;gæspɜ:r
ingrid;I N g r\ i d;ɪŋgɹid
moneymakers;m V n i: m eI k 3:r z;mʌniːm?kɜ:rz
cato;k eI 4 @U;k?ɾoʊ
willing;w I l i N;wɪliŋ
misjudges;m i s dZ V dZ i z;mis?ʌ?iz
reflects;r\ i f l E k t s;ɹiflɛkts
textile;t E k s t aI l;tɛkst?l
jefferson's;dZ E f 3:r s @ n z;?ɛfɜ:rsənz
monuments(2);m A n j u m @ n t s;mɑnjumənts
homologous;h @ m A l @ g @ s;həmɑləgəs
noah;n @U @;noʊə
brixius;b r\ aI k s i: i s;bɹ?ksiːis
c4;s i: f O: r\;siːfOːɹ
businessperson;b I z n @ s p 3:r s @ n;bɪznəspɜ:rsən
clenney;k l E n i:;klɛniː
blowed;b l @U d;bloʊd
resemblance(2);r\ i: z E m b l @ n s;ɹiːzɛmbləns
dedham;d E 4 @ m;dɛɾəm
weathermen;w E D 3:r m E n;wɛðɜ:rmɛn
systemhouse;s I s t @ m h aU s;sɪstəmh?s
submarine's;s V b m 3:r i: n z;sʌbmɜ:riːnz
trib;t r\ I b;tɹɪb
enjoying(2);i n dZ OI i N;in??iŋ
unnaturally(3);@ n { tS 3:r l i:;ənæ?ɜ:rliː
swamp(2);s w O: m p;swOːmp
cotto;k @U 4 @U;koʊɾoʊ
whaley;w eI l i:;w?liː
profile;p r\ @U f aI l;pɹoʊf?l
mundi;m V n d i:;mʌndiː
productivity(2);p r\ @U 4 @ k t I v i 4 i:;pɹoʊɾəktɪviɾiː
editorial;E 4 @ t O: r\ i: @ l;ɛɾətOːɹiːəl
wipers;w aI p 3:r z;w?pɜ:rz
zajic;z { dZ i k;zæ?ik
feeley;f i: l i:;fiːliː
kalamazoo;k { l @ m @ z u;kæləməzu
markus;m A r\ k @ s;mɑɹkəs
sarge;s A r\ dZ;sɑɹ?
lifland;l I f l @ n d;lɪflənd
shimbun(2);S I m b u n;ʃɪmbun
upgrader;V p g r\ eI 4 3:r;ʌpgɹ?ɾɜ:r
ich;I tS;ɪ?
hampered;h { m p 3:r d;hæmpɜ:rd
refuted;r\ i f j u 4 i d;ɹifjuɾid
bemusement;b E m j u s m @ n t;bɛmjusmənt
certifying;s 3:r 4 @ f aI i N;sɜ:rɾəf?iŋ
mayor's;m eI 3:r z;m?ɜ:rz
johnnie's;dZ A n i: z;?ɑniːz
locicero;l @U tS i: tS E r\ @U;loʊ?iː?ɛɹoʊ
equalizing;i: k w @ l aI z i N;iːkwəl?ziŋ
sobriquet(2);s V b r\ @ k E t;sʌbɹəkɛt
gekko;g E k @U;gɛkoʊ
incentive;i n s E n t i v;insɛntiv
telectronics;t E l @ k t r\ A n i k s;tɛləktɹɑniks
althoff;{ l t h O: f;ælthOːf
overmatched;@U v 3:r m { tS t;oʊvɜ:rmæ?t
bruster;b r\ V s t 3:r;bɹʌstɜ:r
brosius;b r\ @U s i: i s;bɹoʊsiːis
earnin';3:r n i n;ɜ:rnin
lanzo;l { n z @U;lænzoʊ
celano;tS E l A n @U;?ɛlɑnoʊ
stopgap;s t A p g { p;stɑpgæp
jacobus;dZ @ k @U b @ s;?əkoʊbəs
lackman;l { k m @ n;lækmən
scheduler;s k E dZ U l 3:r;skɛ?ʊlɜ:r
pilgrimage(2);p I l g r\ @ m i dZ;pɪlgɹəmi?
bache's(2);b eI tS i z;b??iz
hoeffner;h @U f n 3:r;hoʊfnɜ:r
darkest;d A r\ k @ s t;dɑɹkəst
stubbornness;s t V b 3:r n n @ s;stʌbɜ:rnnəs
nik;n I k;nɪk
heffron;h E f r\ @ n;hɛfɹən
daniels's(2);d { n j E l z i z;dænjɛlziz
limited;l I m @ 4 @ d;lɪməɾəd
restraint;r\ i s t r\ eI n t;ɹistɹ?nt
barbian;b A r\ b i: @ n;bɑɹbiːən
shriver;S r\ aI v 3:r;ʃɹ?vɜ:r
bayar;b eI 3:r;b?ɜ:r
landwehr;l { n d w i r\;lændwiɹ
chromalloy;k r\ @U m { l OI;kɹoʊmæl?
intellectualism;i n t E l @ k tS u @ l I z @ m;intɛlək?uəlɪzəm
swigart;s w I g A r\ t;swɪgɑɹt
scarp;s k A r\ p;skɑɹp
cope;k @U p;koʊp
coax;k @U k s;koʊks
dorr;d O: r\;dOːɹ
palace;p { l @ s;pæləs
gramm;g r\ { m;gɹæm
humphery(2);h V m f r\ i:;hʌmfɹiː
apso;{ p s @U;æpsoʊ
healthcare;h E l T k E r\;hɛlθkɛɹ
immunity;i m j u n @ 4 i:;imjunəɾiː
supersecret;s u p 3:r s i: k r\ i t;supɜ:rsiːkɹit
bee;b i:;biː
survivable;s 3:r v aI v @ b @ l;sɜ:rv?vəbəl
tianjin;t i: { n dZ i n;tiːæn?in
bennardo;b @ n A r\ 4 @U;bənɑɹɾoʊ
tele(2);t E l @;tɛlə
elbe;E l b;ɛlb
second;s E k @ n d;sɛkənd
mcconnon;m @ k A n @ n;məkɑnən
sphinx;s f I N k s;sfɪŋks
brockman;b r\ A k m @ n;bɹɑkmən
menotomy;m i n A 4 i m i:;minɑɾimiː
smarmy;s m A r\ m i:;smɑɹmiː
reposa;r\ E p @U s @;ɹɛpoʊsə
criner;k r\ aI n 3:r;kɹ?nɜ:r
effingham(2);E f i N h @ m;ɛfiŋhəm
allshouse(2);O: l t s h aU s;Oːltsh?s
beuys;b j u i: z;bjuiːz
precedes;p r\ i s i: d z;pɹisiːdz
ornament;O: r\ n @ m @ n t;Oːɹnəmənt
drasner;d r\ { s n 3:r;dɹæsnɜ:r
yarns;j A r\ n z;jɑɹnz
petros;p E t r\ @U z;pɛtɹoʊz
hollowell;h A l @ w E l;hɑləwɛl
overplayed;@U v 3:r p l eI d;oʊvɜ:rpl?d
westdeutsche;w E s t d OI tS;wɛstd??
disillusioned;d I s i l u Z @ n d;dɪsiluʒənd
enslow;i n s l @U;insloʊ
thumma;T V m @;θʌmə
krasner;k r\ { s n 3:r;kɹæsnɜ:r
revaluation;r\ i: v { l j u eI S @ n;ɹiːvælju?ʃən
botts;b A t s;bɑts
rumford's;r\ V m f 3:r d z;ɹʌmfɜ:rdz
blueprints;b l u p r\ I n t s;blupɹɪnts
frerika;f r\ E r\ i k @;fɹɛɹikə
grownup;g r\ @U n V p;gɹoʊnʌp
whittle's(2);h w I 4 @ l z;hwɪɾəlz
boxcars;b A k s k A r\ z;bɑkskɑɹz
mosie;m A s i:;mɑsiː
sharf;S A r\ f;ʃɑɹf
goodine;g U d aI n;gʊd?n
sophronia;s @U f r\ @U n i: @;soʊfɹoʊniːə
giese;dZ i: s;?iːs
petit;p E 4 i:;pɛɾiː
nondeductible;n A n d i d V k t i b @ l;nɑndidʌktibəl
falkowski;f @ l k O: f s k i:;fəlkOːfskiː
bonnie's;b A n i: z;bɑniːz
johnsen;dZ A n s @ n;?ɑnsən
spinks;s p I N k s;spɪŋks
vitek;v I 4 E k;vɪɾɛk
refusal;r\ @ f j u z @ l;ɹəfjuzəl
crossville;k r\ A s v i l;kɹɑsvil
chit;tS I t;?ɪt
ribicoff;r\ I b i k O: f;ɹɪbikOːf
equality;i k w A l @ 4 i:;ikwɑləɾiː
jersians;dZ 3:r z i: @ n z;?ɜ:rziːənz
walks;w O: k s;wOːks
native;n eI 4 i v;n?ɾiv
fehnel;f E n @ l;fɛnəl
realization;r\ i: l @ z eI S @ n;ɹiːləz?ʃən
concentrated;k A n s @ n t r\ eI 4 @ d;kɑnsəntɹ?ɾəd
weathering;w E D 3:r i N;wɛðɜ:riŋ
southmark's;s aU T m A r\ k s;s?θmɑɹks
duplicating;d u p l i k eI 4 i N;duplik?ɾiŋ
fsi;f s i:;fsiː
vortex;v O: r\ 4 E k s;vOːɹɾɛks
reykjavik(2);r\ eI k @ v i k;ɹ?kəvik
buchan;b V k @ n;bʌkən
salvato;s A l v A 4 @U;sɑlvɑɾoʊ
garmany;g 3:r m O: n i:;gɜ:rmOːniː
haute(2);h V t;hʌt
welt;w E l t;wɛlt
erected;i r\ E k t @ d;iɹɛktəd
elie;E l i:;ɛliː
joslin;dZ A s l i n;?ɑslin
blay;b l eI;bl?
optometrist;A p t A m @ t r\ i s t;ɑptɑmətɹist
bonior;b @U n i: 3:r;boʊniːɜ:r
bunche;b V n tS;bʌn?
glutted;g l V 4 i d;glʌɾid
sorvino;s O: r\ v i: n @U;sOːɹviːnoʊ
isadore;i s A d O: r\ eI;isɑdOːɹ?
puopolo;p w @U p @U l @U;pwoʊpoʊloʊ
waver;w eI v 3:r;w?vɜ:r
thielsch;T i: l S;θiːlʃ
beucler;b OI k @ l 3:r;b?kəlɜ:r
mccutchan;m @ k V tS @ n;məkʌ?ən
croons;k r\ u n z;kɹunz
troester;t r\ @U s t 3:r;tɹoʊstɜ:r
invoicing;I n v OI s i N;ɪnv?siŋ
wrubel;r\ u b @ l;ɹubəl
saif(2);s aI f;s?f
mccurry;m @ k 3:r i:;məkɜ:riː
wideman;w aI d m @ n;w?dmən
okpo;A k p @U;ɑkpoʊ
kerchiefs;k 3:r tS @ f s;kɜ:r?əfs
antitheft(2);{ n t i: T E f t;æntiːθɛft
fontanella;f A n t @ n E l @;fɑntənɛlə
mullican;m V l i k @ n;mʌlikən
mcguiness;m @ g I n @ s;məgɪnəs
luebke;l u b k;lubk
seow(2);s i: aU;siː?
andres(2);{ n d r\ eI z;ændɹ?z
cull;k V l;kʌl
kewley;k j u l i:;kjuliː
conger;k O: N 3:r;kOːŋɜ:r
feller;f E l 3:r;fɛlɜ:r
peasley;p i: z l i:;piːzliː
beyersdorf;b aI r\ s d O: r\ f;b?ɹsdOːɹf
comeau;k @ m @U;kəmoʊ
gist;dZ I s t;?ɪst
simek;s I m i k;sɪmik
ate;eI t;?t
kennedys;k E n @ 4 i: z;kɛnəɾiːz
sandall;s { n d A l;sændɑl
wayman;w eI m @ n;w?mən
flooring;f l O: r\ i N;flOːɹiŋ
fraph;f r\ { f;fɹæf
transcanada;t r\ { n z k { n @ 4 @;tɹænzkænəɾə
altogether;O: l t @ g E D 3:r;Oːltəgɛðɜ:r
willinger;w I l i N 3:r;wɪliŋɜ:r
lyle;l aI l;l?l
saxer;s { k s 3:r;sæksɜ:r
motorists(2);m @U 4 3:r i s t s;moʊɾɜ:rists
bivins;b I v i n z;bɪvinz
kremlin;k r\ E m l @ n;kɹɛmlən
una;u n @;unə
annunciata;A n u n tS A 4 @;ɑnun?ɑɾə
yacoub;j { k aU b;jæk?b
scanlon's;s k { n l @ n z;skænlənz
sinise;s i n i: z;siniːz
wigley;w I g l i:;wɪgliː
besiege;b i s i: dZ;bisiː?
corpulent;k O: r\ p j @ l @ n t;kOːɹpjələnt
byard(2);b aI 3:r d;b?ɜ:rd
marijuana;m E r\ @ w A n @;mɛɹəwɑnə
republicbank;r\ i: p V b l i k b { N k;ɹiːpʌblikbæŋk
who're;h u 3:r;huɜ:r
impressionists;i m p r\ E S @ n i s t s;impɹɛʃənists
spevak;s p E v @ k;spɛvək
whittled;w I 4 @ l d;wɪɾəld
wotan;w @U t @ n;woʊtən
presentation;p r\ E z @ n t eI S @ n;pɹɛzənt?ʃən
burman;b 3:r m @ n;bɜ:rmən
mille;m I l;mɪl
humana's;h j u m { n @ z;hjumænəz
stablest;s t eI b @ l @ s t;st?bələst
overhauls;@U v 3:r h O: l z;oʊvɜ:rhOːlz
dorff;d O: r\ f;dOːɹf
aviv's;A v i: v z;ɑviːvz
timer;t aI m 3:r;t?mɜ:r
nordic;n O: r\ 4 i k;nOːɹɾik
anthropomorphic;{ n T r\ @ p @ m O: r\ f i k;ænθɹəpəmOːɹfik
berendt;b E r\ i n t;bɛɹint
kedzierski;k i dZ I r\ s k i:;ki?ɪɹskiː
reactivating;r\ i: { k t i v eI 4 i N;ɹiːæktiv?ɾiŋ
rusted(2);r\ V s t i d;ɹʌstid
shrimpers;S r\ I m p 3:r z;ʃɹɪmpɜ:rz
menzel;m E n z @ l;mɛnzəl
reichstuhl;r\ aI k s t u l;ɹ?kstul
larizza;l 3:r I z @;lɜ:rɪzə
groans;g r\ @U n z;gɹoʊnz
epidemic;E p @ d E m i k;ɛpədɛmik
staffa;s t A f @;stɑfə
raglin;r\ { g l i n;ɹæglin
gahli;g A l i:;gɑliː
anesthesiologists(3);{ n @ s T i: z i: A l @ dZ @ s;ænəsθiːziːɑlə?əs
titsworth;t I t s w 3:r T;tɪtswɜ:rθ
smisek;s m I s E k;smɪsɛk
musgrave;m V s g r\ @ v;mʌsgɹəv
sirois;s aI r\ w A;s?ɹwɑ
bardin;b A r\ d i n;bɑɹdin
acidify;@ s I 4 @ f aI;əsɪɾəf?
whooping(2);h w u p i N;hwupiŋ
ferdig;f 3:r 4 i g;fɜ:rɾig
eckrote;E k r\ @ t;ɛkɹət
doerflinger;d O: r\ f @ l i N 3:r;dOːɹfəliŋɜ:r
burckhardt;b 3:r k h A r\ t;bɜ:rkhɑɹt
treasures;t r\ E Z 3:r z;tɹɛʒɜ:rz
mineralogist(2);m I n 3:r A l @ dZ i s t;mɪnɜ:rɑlə?ist
miracid;m I r\ { s @ d;mɪɹæsəd
chas(2);tS A z;?ɑz
hurdling(2);h 3:r d l i N;hɜ:rdliŋ
reconcile;r\ E k @ n s aI l;ɹɛkəns?l
matis;m A 4 i s;mɑɾis
formylin;f O: r\ m i l i n;fOːɹmilin
dumpy;d V m p i:;dʌmpiː
sultanas;s V l t @ n @ z;sʌltənəz
reassign;r\ i: @ s aI n;ɹiːəs?n
veterinary;v E t r\ @ n E r\ i:;vɛtɹənɛɹiː
exabyte;E k s @ b aI t;ɛksəb?t
albumin;{ l b j u m @ n;ælbjumən
journeyman;dZ 3:r n i: m { n;?ɜ:rniːmæn
malle;m { l;mæl
euan;j u @ n;juən
riadys;r\ i: A 4 i: z;ɹiːɑɾiːz
cornell;k O: r\ n E l;kOːɹnɛl
monotheism;m A n @ T i: i z @ m;mɑnəθiːizəm
sinatra;s @ n A t r\ @;sənɑtɹə
eye's;aI z;?z
scientists;s aI @ n t i s t s;s?əntists
respeak;r\ i: s p i: k;ɹiːspiːk
gudger;g V dZ 3:r;gʌ?ɜ:r
anniston(2);{ n i s i n;ænisin
keef;k i: f;kiːf
wok;w A k;wɑk
muncee;m V n s i:;mʌnsiː
nuggets;n V g @ t s;nʌgəts
rannow;r\ { n @U;ɹænoʊ
waxing;w { k s i N;wæksiŋ
coed(2);k @U d;koʊd
clap;k l { p;klæp
andreoni;A n d r\ eI @U n i:;ɑndɹ?oʊniː
deceit(2);d i s i: t;disiːt
heightened;h aI t @ n d;h?tənd
measel;m i: z @ l;miːzəl
hashish;h { S i S;hæʃiʃ
stands;s t { n d z;stændz
demerger;d i m 3:r dZ 3:r;dimɜ:r?ɜ:r
metze;m E t z;mɛtz
radiator;r\ eI 4 i: eI 4 3:r;ɹ?ɾiː?ɾɜ:r
nouveaux;n u v @U;nuvoʊ
mollusks;m A l @ s k s;mɑləsks
betty;b E 4 i:;bɛɾiː
norlander;n O: r\ l @ n d 3:r;nOːɹləndɜ:r
brunetta;b r\ u n E 4 @;bɹunɛɾə
regained;r\ i: g eI n d;ɹiːg?nd
newbauer;n u b aU 3:r;nub?ɜ:r
netherland;n E D 3:r l @ n d;nɛðɜ:rlənd
colombo;k @ l V m b @U;kəlʌmboʊ
aqueduct;{ k w @ d V k t;ækwədʌkt
murrah;m 3:r r\ A;mɜ:rɹɑ
rizzo;r\ I z @U;ɹɪzoʊ
michelini;m i k @ l i: n i:;mikəliːniː
cauley;k O: l i:;kOːliː
wray;r\ eI;ɹ?
battin;b { t i n;bætin
hunters;h V n t 3:r z;hʌntɜ:rz
funnell;f V n @ l;fʌnəl
pedestrian;p @ d E s t r\ i: @ n;pədɛstɹiːən
prolog;p r\ @U l A g;pɹoʊlɑg
castrated;k { s t r\ eI 4 i d;kæstɹ?ɾid
utamaro;j u 4 @ m A r\ @U;juɾəmɑɹoʊ
sale;s eI l;s?l
portee;p O: r\ t i:;pOːɹtiː
considering;k @ n s I 4 3:r i N;kənsɪɾɜ:riŋ
manifests(3);m { n @ f E s;mænəfɛs
cerankosky;s E r\ @ N k O: s k i:;sɛɹəŋkOːskiː
falbo;f { l b @U;fælboʊ
deighan;d eI g h @ n;d?ghən
fariss;f 3:r I s;fɜ:rɪs
halliciforn;h @ l I s i f O: r\ n;həlɪsifOːɹn
motorist;m @U 4 3:r i s t;moʊɾɜ:rist
karow;k A r\ @U;kɑɹoʊ
sauce;s O: s;sOːs
online's;O: n l aI n z;Oːnl?nz
barthelme;b A r\ T @ l m;bɑɹθəlm
prettyman;p r\ E 4 i: m @ n;pɹɛɾiːmən
crossed;k r\ O: s t;kɹOːst
koehler;k @U l 3:r;koʊlɜ:r
clashes;k l { S i z;klæʃiz
thorniest;T O: r\ n i: @ s t;θOːɹniːəst
loot;l u t;lut
pflieger;f l i: g 3:r;fliːgɜ:r
ifor;aI f O: r\;?fOːɹ
reforms;r\ @ f O: r\ m z;ɹəfOːɹmz
skepticism;s k E p t i s I z @ m;skɛptisɪzəm
amalgam;@ m { l g @ m;əmælgəm
boondocks;b u n d A k s;bundɑks
hoisted(2);h OI s t i d;h?stid
reauthorization;r\ i: O: T 3:r i z eI S @ n;ɹiːOːθɜ:riz?ʃən
yablon;j { b l @ n;jæblən
gerloff;g 3:r l O: f;gɜ:rlOːf
osterhaus;A s t 3:r h aU s;ɑstɜ:rh?s
dacy;d eI s i:;d?siː
luken;l u k @ n;lukən
basing;b eI s i N;b?siŋ
alroy;@ l r\ OI;əlɹ?
tamps;t { m p s;tæmps
orenstein(2);O: r\ @ n s t i: n;Oːɹənstiːn
mussolini;m u s @U l i: n i:;musoʊliːniː
millburn;m I l b 3:r n;mɪlbɜ:rn
brost;b r\ A s t;bɹɑst
weil(2);w i: l;wiːl
colossal;k @ l A s @ l;kəlɑsəl
macnaughton;m @ k n O: t @ n;məknOːtən
illicitly;I l i s i t l i:;ɪlisitliː
coile;k OI l;k?l
underrepresent;@ n d 3:r r\ E p r\ i z E n t;əndɜ:rɹɛpɹizɛnt
plurality;p l 3:r { l i 4 i:;plɜ:ræliɾiː
zhivago;Z i v A g @U;ʒivɑgoʊ
bunell;b u n E l;bunɛl
eves;i: v z;iːvz
neurosis;n U r\ @U s @ s;nʊɹoʊsəs
maye;m eI;m?
sideways;s aI d w eI z;s?dw?z
clarifications;k l E r\ i f i k eI S @ n z;klɛɹifik?ʃənz
hinkle;h I N k @ l;hɪŋkəl
righetti;r\ i: g E 4 i:;ɹiːgɛɾiː
attested;@ t E s t i d;ətɛstid
glottis;g l A 4 @ s;glɑɾəs
saba;s A b @;sɑbə
accustom;@ k V s t @ m;əkʌstəm
branham;b r\ { n h @ m;bɹænhəm
lavey;l eI v i:;l?viː
mackley;m { k l i:;mækliː
artichokes;A r\ 4 i tS @U k s;ɑɹɾi?oʊks
exceptional;i k s E p S @ n @ l;iksɛpʃənəl
nordstrom;n O: r\ d s t r\ @ m;nOːɹdstɹəm
slackens;s l { k @ n z;slækənz
pannu;p A n u;pɑnu
kersting;k 3:r s t i N;kɜ:rstiŋ
gripp;g r\ I p;gɹɪp
moskowitz;m O: s k @ w i t s;mOːskəwits
ortolano;O: r\ 4 @U l A n @U;Oːɹɾoʊlɑnoʊ
mehnert;m E n 3:r t;mɛnɜ:rt
resurrecting;r\ E z 3:r E k t i N;ɹɛzɜ:rɛktiŋ
schwartzman;S w O: r\ t s m @ n;ʃwOːɹtsmən
parishes(2);p E r\ i S i z;pɛɹiʃiz
conquest's;k A N k w E s t s;kɑŋkwɛsts
mcaninch;m @ k { n i n tS;məkænin?
am's(2);eI E m z;?ɛmz
higbie;h I g b i:;hɪgbiː
monge;m A n dZ;mɑn?
benesh;b E n @ S;bɛnəʃ
gourley;g O: r\ l i:;gOːɹliː
artcarve;A r\ t k A r\ v;ɑɹtkɑɹv
bureaucracy;b j U r\ A k r\ @ s i:;bjʊɹɑkɹəsiː
wernet;w 3:r n i t;wɜ:rnit
poh;p @U;poʊ
erxleben;3:r k s l E b @ n;ɜ:rkslɛbən
camilleri;k A m i: l E r\ i:;kɑmiːlɛɹiː
holsopple;h @U l s @ p @ l;hoʊlsəpəl
morrell;m O: r\ E l;mOːɹɛl
wisinski;v i s I n s k i:;visɪnskiː
hudy;h j u 4 i:;hjuɾiː
mascari;m A s k A r\ i:;mɑskɑɹiː
amberger;{ m b 3:r g 3:r;æmbɜ:rgɜ:r
squabbling(2);s k w A b l i N;skwɑbliŋ
kocis;k @U s i s;koʊsis
pianist(2);p i: A n @ s t;piːɑnəst
suffuse;s @ f j u z;səfjuz
reinders;r\ aI n d 3:r z;ɹ?ndɜ:rz
lepore;l E p O: r\ i:;lɛpOːɹiː
grassgreen;g r\ { s g r\ i: n;gɹæsgɹiːn
restricted(2);r\ i: s t r\ I k t i d;ɹiːstɹɪktid
devin;d E v i n;dɛvin
ascertainment;{ s 3:r t eI n m @ n t;æsɜ:rt?nmənt
sentra;s E n t r\ @;sɛntɹə
soiled;s OI l d;s?ld
rayborn;r\ eI b 3:r n;ɹ?bɜ:rn
clams;k l { m z;klæmz
penja;p E n dZ @;pɛn?ə
cloves;k l @U v z;kloʊvz
exclaimed;i k s k l eI m d;ikskl?md
unabombers;j u n @ b O: m 3:r z;junəbOːmɜ:rz
menu;m E n j u;mɛnju
norske;n O: r\ s k i:;nOːɹskiː
suther;s V D 3:r;sʌðɜ:r
refrigerated;r\ i f r\ I dZ 3:r eI 4 i d;ɹifɹɪ?ɜ:r?ɾid
udell;V 4 @ l;ʌɾəl
nekton;n E k t @ n;nɛktən
erections;i r\ E k S @ n z;iɹɛkʃənz
gypsies;dZ I p s i: z;?ɪpsiːz
bala;b A l @;bɑlə
moore's;m U r\ z;mʊɹz
bady;b eI 4 i:;b?ɾiː
feedstock;f i: d s t A k;fiːdstɑk
strategize;s t r\ { 4 @ dZ aI z;stɹæɾə??z
instigated;I n s t @ g eI 4 i d;ɪnstəg?ɾid
bartered;b A r\ 4 3:r d;bɑɹɾɜ:rd
kirkhart;k 3:r k h A r\ t;kɜ:rkhɑɹt
powerboat;p aU 3:r b @U t;p?ɜ:rboʊt
byun;b j V n;bjʌn
immigrate;I m @ g r\ eI t;ɪməgɹ?t
admiring;{ d m aI r\ i N;ædm?ɹiŋ
corroborative(2);k 3:r A b r\ @ t I v;kɜ:rɑbɹətɪv
odysseus;@U d I s i: @ s;oʊdɪsiːəs
avocet;{ v @ s E t;ævəsɛt
dah;d V;dʌ
